{"schemaVersion":"1.0","appDefinitionTemplate":{"id":"/providers/Microsoft.PowerApps/apps/","type":"Microsoft.PowerApps/apps","tags":{"primaryDeviceWidth":"1366","primaryDeviceHeight":"768","sienaVersion":"20201219T034404Z-3.20114.22.0","deviceCapabilities":"","supportsPortrait":"false","supportsLandscape":"true","primaryFormFactor":"Tablet","publisherVersion":"3.20114.22","minimumRequiredApiVersion":"2.2.0","hasComponent":"false","hasUnlockedComponent":"false","isUnifiedRootApp":"false"},"properties":{"appVersion":"2020-12-19T03:44:04Z","lifeCycleId":"Published","createdByClientVersion":{"major":3,"minor":20114,"build":22,"revision":0,"majorRevision":0,"minorRevision":0},"minClientVersion":{"major":3,"minor":20114,"build":22,"revision":0,"majorRevision":0,"minorRevision":0},"backgroundColor":"rgba(12, 193, 169, 1)","backgroundImageUri":"/9082385435308250281/N2f2ed728-9ca9-48ef-a8bd-6e079d231720-logoSmallFile","displayName":"2In1MiniGameChamp","description":"For Gaming via Canvas\ncreated by Narisorn Limpaswadpaisarn\nhttps://www.linkedin.com/in/narismadz/","commitMessage":"","appUris":{"documentUri":{"value":"/9082385435308250281/N789099a5-b6e7-45b3-af0c-1e61523debb4-document.msapp"},"imageUris":[]},"createdTime":"0001-01-01T00:00:00Z","lastModifiedTime":"0001-01-01T00:00:00Z","sharedGroupsCount":0,"sharedUsersCount":0,"icons":{"smallIconUri":"/9082385435308250281/N30badd7d-d7b2-4a36-999f-27d4b6e0ed69-small.png","mediumIconUri":"/9082385435308250281/N867ffea4-a7a3-48d5-b351-3d78137f7bc3-medium.png","largeIconUri":"/9082385435308250281/N5264c416-a432-42eb-9333-f7f394d07ab0-large.png","wideIconUri":"/9082385435308250281/Nbd2179d6-cf55-428e-8a61-58a219868aa8-wide.png"},"connectionReferences":{"661c6078-234c-4ad8-8f25-d66537df58fb":{"id":"db70c08d-74b1-4566-943f-09d74146c061","displayName":"Office 365 Users","iconUri":"https://connectoricons-prod.azureedge.net/releases/v1.0.1411/1.0.1411.2206/office365users/icon.png","dataSources":["Office365Users"],"dependencies":[],"dependents":[],"parameterHints":{},"isOnPremiseConnection":false,"bypassConsent":false,"dataSets":{},"apiTier":"Standard","isCustomApiConnection":false,"actions":["MyProfile","UserPhotoV2","UserProfileV2"]}},"databaseReferences":{},"almMode":"Environment","performanceOptimizationEnabled":true,"canConsumeAppPass":true,"executionRestrictions":{"isTeamsOnly":false,"dataLossPreventionEvaluationResult":{"status":"Compliant","lastEvaluationDate":"2020-10-23T01:27:45.5274885Z","violationDetails":[]}}},"isAppComponentLibrary":false,"appType":"ClassicCanvasApp","appComponents":[]}}