{"schemaVersion":"1.0","appDefinitionTemplate":{"id":"/providers/Microsoft.PowerApps/apps/","type":"Microsoft.PowerApps/apps","tags":{"primaryDeviceWidth":"1366","primaryDeviceHeight":"768","sienaVersion":"20201217T083245Z-3.20114.22.0","deviceCapabilities":"","supportsPortrait":"false","supportsLandscape":"true","primaryFormFactor":"Tablet","publisherVersion":"3.20114.22","minimumRequiredApiVersion":"2.2.0","hasComponent":"false","hasUnlockedComponent":"false","isUnifiedRootApp":"false"},"properties":{"appVersion":"2020-12-17T08:32:45Z","lifeCycleId":"Published","createdByClientVersion":{"major":3,"minor":20114,"build":22,"revision":0,"majorRevision":0,"minorRevision":0},"minClientVersion":{"major":3,"minor":20114,"build":22,"revision":0,"majorRevision":0,"minorRevision":0},"backgroundColor":"rgba(12, 193, 169, 1)","backgroundImageUri":"/9082385435308250281/N87fa4dab-fb79-491c-bda8-6c7970079148-logoSmallFile","displayName":"2In1MiniGameChamp","description":"For Gaming via Canvas\ncreated by Narisorn Limpaswadpaisarn\nhttps://www.linkedin.com/in/narismadz/","commitMessage":"","appUris":{"documentUri":{"value":"/9082385435308250281/Nab0b0c17-0db9-4824-ba51-2549d06b8a82-document.msapp"},"imageUris":[]},"createdTime":"0001-01-01T00:00:00Z","lastModifiedTime":"0001-01-01T00:00:00Z","sharedGroupsCount":0,"sharedUsersCount":0,"icons":{"smallIconUri":"/9082385435308250281/Nd436e29b-c6cb-436b-a39c-efd86a0d5bd2-small.png","mediumIconUri":"/9082385435308250281/N21abbb2e-93ac-446f-a6f5-291f61476963-medium.png","largeIconUri":"/9082385435308250281/N222a5f7f-43c8-4223-92e1-279c5a856050-large.png","wideIconUri":"/9082385435308250281/Nd4592878-ae81-4bb6-a16d-853a5ddda657-wide.png"},"connectionReferences":{"661c6078-234c-4ad8-8f25-d66537df58fb":{"id":"db70c08d-74b1-4566-943f-09d74146c061","displayName":"Office 365 Users","iconUri":"https://connectoricons-prod.azureedge.net/releases/v1.0.1411/1.0.1411.2206/office365users/icon.png","dataSources":["Office365Users"],"dependencies":[],"dependents":[],"parameterHints":{},"isOnPremiseConnection":false,"bypassConsent":false,"dataSets":{},"apiTier":"Standard","isCustomApiConnection":false,"actions":["MyProfile","UserPhotoV2","UserProfileV2"]}},"databaseReferences":{},"almMode":"Environment","performanceOptimizationEnabled":true,"canConsumeAppPass":true,"executionRestrictions":{"isTeamsOnly":false,"dataLossPreventionEvaluationResult":{"status":"Compliant","lastEvaluationDate":"2020-10-23T01:27:45.5274885Z","violationDetails":[]}}},"isAppComponentLibrary":false,"appType":"ClassicCanvasApp","appComponents":[]}}